--북인포
INSERT INTO  BOOKINFO (BOOK_CODE,ISBN,TITLE,AUTHOR,GENRE_CODE,PUBLISHER,PRICE,PUBLISH_DATE,THUMBNAIL,CONTENT,INTRO,REVIEW,AUTHORINFO) VALUES (31,'9791162543429','누구와 함께 일할 것인가','댄 설리번,벤저민 하디',400,'비즈니스북스',16800,TIMESTAMP'2023-08-22 00:00:00.0',TO_CLOB('https://search1.kakaocdn.net/thumb/R120x174.q85/?fname=http%3A%2F%2Ft1.daumcdn.net%2Flbook%2Fimage%2F6414966%3FTO_DATE(%3D20230908152521'),NULL,NULL,NULL,NULL);
INSERT INTO  BOOKINFO (BOOK_CODE,ISBN,TITLE,AUTHOR,GENRE_CODE,PUBLISHER,PRICE,PUBLISH_DATE,THUMBNAIL,CONTENT,INTRO,REVIEW,AUTHORINFO) VALUES (32,'9788991189638','노력(1 2학년 자기계발동화 3)','오은실',400,'글고은',8000,TIMESTAMP'2009-04-08 00:00:00.0',TO_CLOB('https://search1.kakaocdn.net/thumb/R120x174.q85/?fname=http%3A%2F%2Ft1.daumcdn.net%2Flbook%2Fimage%2F1341099%3FTO_DATE(%3D20220713204138'),NULL,NULL,NULL,NULL);
INSERT INTO  BOOKINFO (BOOK_CODE,ISBN,TITLE,AUTHOR,GENRE_CODE,PUBLISHER,PRICE,PUBLISH_DATE,THUMBNAIL,CONTENT,INTRO,REVIEW,AUTHORINFO) VALUES (33,'9791159488511','비단선녀와 농부(생각콩콩 자기탐색동화(노력) 6)(양장본 HardCover)','이상교',400,'그린키즈',6000,TIMESTAMP'2019-10-16 00:00:00.0',TO_CLOB('https://search1.kakaocdn.net/thumb/R120x174.q85/?fname=http%3A%2F%2Ft1.daumcdn.net%2Flbook%2Fimage%2F5118201%3FTO_DATE(%3D20221025130326'),NULL,NULL,NULL,NULL);
INSERT INTO  BOOKINFO (BOOK_CODE,ISBN,TITLE,AUTHOR,GENRE_CODE,PUBLISHER,PRICE,PUBLISH_DATE,THUMBNAIL,CONTENT,INTRO,REVIEW,AUTHORINFO) VALUES (34,'9791195433612','영재를 만드는 기적의 뇌 공부법','김동하',400,'보아스',12000,TIMESTAMP'2015-04-20 00:00:00.0',TO_CLOB('https://search1.kakaocdn.net/thumb/R120x174.q85/?fname=http%3A%2F%2Ft1.daumcdn.net%2Flbook%2Fimage%2F1657183%3FTO_DATE(%3D20230425151510'),NULL,NULL,NULL,NULL);
INSERT INTO  BOOKINFO (BOOK_CODE,ISBN,TITLE,AUTHOR,GENRE_CODE,PUBLISHER,PRICE,PUBLISH_DATE,THUMBNAIL,CONTENT,INTRO,REVIEW,AUTHORINFO) VALUES (35,'9788927804734','노력의 배신','니시다 마사키',400,'중앙북스',13000,TIMESTAMP'2013-09-13 00:00:00.0',TO_CLOB('https://search1.kakaocdn.net/thumb/R120x174.q85/?fname=http%3A%2F%2Ft1.daumcdn.net%2Flbook%2Fimage%2F458904%3FTO_DATE(%3D20190123065926'),NULL,NULL,NULL,NULL);
INSERT INTO  BOOKINFO (BOOK_CODE,ISBN,TITLE,AUTHOR,GENRE_CODE,PUBLISHER,PRICE,PUBLISH_DATE,THUMBNAIL,CONTENT,INTRO,REVIEW,AUTHORINFO) VALUES (36,'9791189970000','노력하긴 싫은데, 성공은 하고 싶어(양장본 HardCover)','이시한',400,'시사저널사',12000,TIMESTAMP'2019-03-08 00:00:00.0',TO_CLOB('https://search1.kakaocdn.net/thumb/R120x174.q85/?fname=http%3A%2F%2Ft1.daumcdn.net%2Flbook%2Fimage%2F4890056%3FTO_DATE(%3D20211228193639'),NULL,NULL,NULL,NULL);
INSERT INTO  BOOKINFO (BOOK_CODE,ISBN,TITLE,AUTHOR,GENRE_CODE,PUBLISHER,PRICE,PUBLISH_DATE,THUMBNAIL,CONTENT,INTRO,REVIEW,AUTHORINFO) VALUES (37,'9791157521364','나는 왜 노력해도 안 될까?','나카이 아쓰오',400,'넥서스BIZ',13000,TIMESTAMP'2017-03-05 00:00:00.0',TO_CLOB('https://search1.kakaocdn.net/thumb/R120x174.q85/?fname=http%3A%2F%2Ft1.daumcdn.net%2Flbook%2Fimage%2F1573258%3FTO_DATE(%3D20221107221817'),NULL,NULL,NULL,NULL);
INSERT INTO  BOOKINFO (BOOK_CODE,ISBN,TITLE,AUTHOR,GENRE_CODE,PUBLISHER,PRICE,PUBLISH_DATE,THUMBNAIL,CONTENT,INTRO,REVIEW,AUTHORINFO) VALUES (38,'8809446578614','연두팡 고사성어 워크북(노력)','그린키즈 편집부',400,'그린키즈',5000,TIMESTAMP'2019-03-15 00:00:00.0',TO_CLOB('https://search1.kakaocdn.net/thumb/R120x174.q85/?fname=http%3A%2F%2Ft1.daumcdn.net%2Flbook%2Fimage%2F4914542%3FTO_DATE(%3D20221025120524'),NULL,NULL,NULL,NULL);
INSERT INTO  BOOKINFO (BOOK_CODE,ISBN,TITLE,AUTHOR,GENRE_CODE,PUBLISHER,PRICE,PUBLISH_DATE,THUMBNAIL,CONTENT,INTRO,REVIEW,AUTHORINFO) VALUES (39,'9788950957421','노력의 배신','김영훈',400,'21세기북스',22000,TIMESTAMP'2023-07-19 00:00:00.0',TO_CLOB('https://search1.kakaocdn.net/thumb/R120x174.q85/?fname=http%3A%2F%2Ft1.daumcdn.net%2Flbook%2Fimage%2F6391876%3FTO_DATE(%3D20230905164409'),NULL,NULL,NULL,NULL);
INSERT INTO  BOOKINFO (BOOK_CODE,ISBN,TITLE,AUTHOR,GENRE_CODE,PUBLISHER,PRICE,PUBLISH_DATE,THUMBNAIL,CONTENT,INTRO,REVIEW,AUTHORINFO) VALUES (40,'9791185134536','생명과학을 쉽게 쓰려고 노력했습니다','박종현',400,'책미래',16000,TIMESTAMP'2019-02-11 00:00:00.0',TO_CLOB('https://search1.kakaocdn.net/thumb/R120x174.q85/?fname=http%3A%2F%2Ft1.daumcdn.net%2Flbook%2Fimage%2F4875262%3FTO_DATE(%3D20230616191723'),NULL,NULL,NULL,NULL);
INSERT INTO  BOOKINFO
(BOOK_CODE, ISBN, TITLE, AUTHOR, GENRE_CODE, PUBLISHER, PRICE, PUBLISH_DATE, THUMBNAIL, CONTENT, INTRO, REVIEW, AUTHORINFO)
VALUES(41, '9788999707711', '가족상담과 가족치료(사례로 배우는)(양장본 HardCover)', '이영분,김유순,신영화,최선령,최현미', 400, '학지사', 19000, TO_DATE('2015-09-15 ','YYYY-MM-DD'), 'https://search1.kakaocdn.net/thumb/R120x174.q85/?fname=http%3A%2F%2Ft1.daumcdn.net%2Flbook%2Fimage%2F1507879%3Ftimestamp%3D20200320135921', NULL, NULL, NULL, NULL);
INSERT INTO  BOOKINFO
(BOOK_CODE, ISBN, TITLE, AUTHOR, GENRE_CODE, PUBLISHER, PRICE, PUBLISH_DATE, THUMBNAIL, CONTENT, INTRO, REVIEW, AUTHORINFO)
VALUES(42, '2001025007638', '가족예배는 이렇게', '클라이드 M 네레모어', 400, '나침반사', 500, TO_DATE('2003-04-01 ','YYYY-MM-DD'), 'https://search1.kakaocdn.net/thumb/R120x174.q85/?fname=http%3A%2F%2Ft1.daumcdn.net%2Flbook%2Fimage%2F42221%3Ftimestamp%3D20220901181453', NULL, NULL, NULL, NULL);
INSERT INTO  BOOKINFO
(BOOK_CODE, ISBN, TITLE, AUTHOR, GENRE_CODE, PUBLISHER, PRICE, PUBLISH_DATE, THUMBNAIL, CONTENT, INTRO, REVIEW, AUTHORINFO)
VALUES(43, '9791169276856', '스파이 패밀리 가족의 초상', '야지마 아야', 400, '학산문화사', 7000, TO_DATE('2022-10-10 ','YYYY-MM-DD'), 'https://search1.kakaocdn.net/thumb/R120x174.q85/?fname=http%3A%2F%2Ft1.daumcdn.net%2Flbook%2Fimage%2F6204509%3Ftimestamp%3D20230727181036', NULL, NULL, NULL, NULL);
INSERT INTO  BOOKINFO
(BOOK_CODE, ISBN, TITLE, AUTHOR, GENRE_CODE, PUBLISHER, PRICE, PUBLISH_DATE, THUMBNAIL, CONTENT, INTRO, REVIEW, AUTHORINFO)
VALUES(44, '9788946417571', '가족(뒷모습)', '최인호', 400, '샘터(샘터사)', 13000, TO_DATE('2009-07-07 ','YYYY-MM-DD'), 'https://search1.kakaocdn.net/thumb/R120x174.q85/?fname=http%3A%2F%2Ft1.daumcdn.net%2Flbook%2Fimage%2F603569%3Ftimestamp%3D20230329145013', NULL, NULL, NULL, NULL);
INSERT INTO  BOOKINFO
(BOOK_CODE, ISBN, TITLE, AUTHOR, GENRE_CODE, PUBLISHER, PRICE, PUBLISH_DATE, THUMBNAIL, CONTENT, INTRO, REVIEW, AUTHORINFO)
VALUES(45, '9788936486921', '가족각본', '김지혜', 400, '창비', 17000, TO_DATE('2023-08-01 ','YYYY-MM-DD'), 'https://search1.kakaocdn.net/thumb/R120x174.q85/?fname=http%3A%2F%2Ft1.daumcdn.net%2Flbook%2Fimage%2F6405764%3Ftimestamp%3D20230906152535', NULL, NULL, NULL, NULL);
INSERT INTO  BOOKINFO
(BOOK_CODE, ISBN, TITLE, AUTHOR, GENRE_CODE, PUBLISHER, PRICE, PUBLISH_DATE, THUMBNAIL, CONTENT, INTRO, REVIEW, AUTHORINFO)
VALUES(46, '9791130411194', '가족(지식을만드는지식 한국희곡선집)', '이용찬', 400, '지식을만드는지식', 10800, TO_DATE('2014-02-13 ','YYYY-MM-DD'), 'https://search1.kakaocdn.net/thumb/R120x174.q85/?fname=http%3A%2F%2Ft1.daumcdn.net%2Flbook%2Fimage%2F1532800%3Ftimestamp%3D20190130165811', NULL, NULL, NULL, NULL);
INSERT INTO  BOOKINFO
(BOOK_CODE, ISBN, TITLE, AUTHOR, GENRE_CODE, PUBLISHER, PRICE, PUBLISH_DATE, THUMBNAIL, CONTENT, INTRO, REVIEW, AUTHORINFO)
VALUES(47, '9791185654218', '가족', '심수화', 400, '효민디앤피', 15000, TO_DATE('2015-11-01 ','YYYY-MM-DD'), 'https://search1.kakaocdn.net/thumb/R120x174.q85/?fname=http%3A%2F%2Ft1.daumcdn.net%2Flbook%2Fimage%2F1619909%3Ftimestamp%3D20190131075648', NULL, NULL, NULL, NULL);
INSERT INTO  BOOKINFO
(BOOK_CODE, ISBN, TITLE, AUTHOR, GENRE_CODE, PUBLISHER, PRICE, PUBLISH_DATE, THUMBNAIL, CONTENT, INTRO, REVIEW, AUTHORINFO)
VALUES(48, '9791130631325', '우리들의 MBTI 3 : 가족 관계', '조수연', 400, '다산어린이', 14000, TO_DATE('2022-12-13 ','YYYY-MM-DD'), 'https://search1.kakaocdn.net/thumb/R120x174.q85/?fname=http%3A%2F%2Ft1.daumcdn.net%2Flbook%2Fimage%2F6236962%3Ftimestamp%3D20230906145955', NULL, NULL, NULL, NULL);
INSERT INTO  BOOKINFO
(BOOK_CODE, ISBN, TITLE, AUTHOR, GENRE_CODE, PUBLISHER, PRICE, PUBLISH_DATE, THUMBNAIL, CONTENT, INTRO, REVIEW, AUTHORINFO)
VALUES(49, '9791161053653', '가족복지론(양장본 HardCover)', '이윤정,박수선,이무영,강기정', 400, '공동체', 16000, TO_DATE('2019-03-05 ','YYYY-MM-DD'), 'https://search1.kakaocdn.net/thumb/R120x174.q85/?fname=http%3A%2F%2Ft1.daumcdn.net%2Flbook%2Fimage%2F4905034%3Ftimestamp%3D20221025125539', NULL, NULL, NULL, NULL);
INSERT INTO  BOOKINFO
(BOOK_CODE, ISBN, TITLE, AUTHOR, GENRE_CODE, PUBLISHER, PRICE, PUBLISH_DATE, THUMBNAIL, CONTENT, INTRO, REVIEW, AUTHORINFO)
VALUES(50, '9788999707360', '가족상담(3판)(양장본 HardCover)', '김유숙', 400, '학지사', 20000, TO_DATE('2015-09-25 ','YYYY-MM-DD'), 'https://search1.kakaocdn.net/thumb/R120x174.q85/?fname=http%3A%2F%2Ft1.daumcdn.net%2Flbook%2Fimage%2F1508638%3Ftimestamp%3D20220410174920', NULL, NULL, NULL, NULL);
INSERT INTO  BOOKINFO (BOOK_CODE,ISBN,TITLE,AUTHOR,GENRE_CODE,PUBLISHER,PRICE,PUBLISH_DATE,THUMBNAIL,CONTENT,INTRO,REVIEW,AUTHORINFO) VALUES (51,'9788959193240','멸망한 짐승들의 바다','유키노부 호시노',400,'애니북스',9500,TIMESTAMP'2010-04-16 00:00:00.0',TO_CLOB('https://search1.kakaocdn.net/thumb/R120x174.q85/?fname=http%3A%2F%2Ft1.daumcdn.net%2Flbook%2Fimage%2F795462%3FTO_DATE(%3D20220410175021'),NULL,NULL,NULL,NULL);
INSERT INTO  BOOKINFO (BOOK_CODE,ISBN,TITLE,AUTHOR,GENRE_CODE,PUBLISHER,PRICE,PUBLISH_DATE,THUMBNAIL,CONTENT,INTRO,REVIEW,AUTHORINFO) VALUES (52,'9788997195473','탄수화물이 인류를 멸망시킨다','나쓰이 마코토',400,'청림라이프',14000,TIMESTAMP'2014-04-05 00:00:00.0',TO_CLOB('https://search1.kakaocdn.net/thumb/R120x174.q85/?fname=http%3A%2F%2Ft1.daumcdn.net%2Flbook%2Fimage%2F1479533%3FTO_DATE(%3D20211030150229'),NULL,NULL,NULL,NULL);
INSERT INTO  BOOKINFO (BOOK_CODE,ISBN,TITLE,AUTHOR,GENRE_CODE,PUBLISHER,PRICE,PUBLISH_DATE,THUMBNAIL,CONTENT,INTRO,REVIEW,AUTHORINFO) VALUES (53,'9791157568130','위화도 회군과 고려의 멸망(교과융합 삼국유사 삼국사기 74)(양장본 HardCover)','이붕',400,'한국셰익스피어',10000,TIMESTAMP'2015-10-01 00:00:00.0',TO_CLOB('https://search1.kakaocdn.net/thumb/R120x174.q85/?fname=http%3A%2F%2Ft1.daumcdn.net%2Flbook%2Fimage%2F1577759%3FTO_DATE(%3D20191219122447'),NULL,NULL,NULL,NULL);
INSERT INTO  BOOKINFO (BOOK_CODE,ISBN,TITLE,AUTHOR,GENRE_CODE,PUBLISHER,PRICE,PUBLISH_DATE,THUMBNAIL,CONTENT,INTRO,REVIEW,AUTHORINFO) VALUES (54,'9788990989222','멸망하는 국가(양장본 HardCover)','다치바나 다카시',400,'열대림',18000,TIMESTAMP'2006-10-20 00:00:00.0',TO_CLOB('https://search1.kakaocdn.net/thumb/R120x174.q85/?fname=http%3A%2F%2Ft1.daumcdn.net%2Flbook%2Fimage%2F1333905%3FTO_DATE(%3D20210511141639'),NULL,NULL,NULL,NULL);
INSERT INTO  BOOKINFO (BOOK_CODE,ISBN,TITLE,AUTHOR,GENRE_CODE,PUBLISHER,PRICE,PUBLISH_DATE,THUMBNAIL,CONTENT,INTRO,REVIEW,AUTHORINFO) VALUES (55,'9791131576663','수레멸망악심꽃(상)','아리탕',400,'스칼렛',9000,TIMESTAMP'2017-01-25 00:00:00.0',TO_CLOB('https://search1.kakaocdn.net/thumb/R120x174.q85/?fname=http%3A%2F%2Ft1.daumcdn.net%2Flbook%2Fimage%2F1541754%3FTO_DATE(%3D20230412142732'),NULL,NULL,NULL,NULL);
INSERT INTO  BOOKINFO (BOOK_CODE,ISBN,TITLE,AUTHOR,GENRE_CODE,PUBLISHER,PRICE,PUBLISH_DATE,THUMBNAIL,CONTENT,INTRO,REVIEW,AUTHORINFO) VALUES (56,'9788964074275','왕 게임. 4: 멸망 6.08','카나자와 노부아키',400,'에이케이커뮤니케이션즈',9800,TIMESTAMP'2013-05-25 00:00:00.0',TO_CLOB('https://search1.kakaocdn.net/thumb/R120x174.q85/?fname=http%3A%2F%2Ft1.daumcdn.net%2Flbook%2Fimage%2F896127%3FTO_DATE(%3D20210806150239'),NULL,NULL,NULL,NULL);
INSERT INTO  BOOKINFO (BOOK_CODE,ISBN,TITLE,AUTHOR,GENRE_CODE,PUBLISHER,PRICE,PUBLISH_DATE,THUMBNAIL,CONTENT,INTRO,REVIEW,AUTHORINFO) VALUES (57,'9791160077650','멸망 이전의 샹그릴라','나기라 유우',400,'한스미디어',15800,TIMESTAMP'2021-12-27 00:00:00.0',TO_CLOB('https://search1.kakaocdn.net/thumb/R120x174.q85/?fname=http%3A%2F%2Ft1.daumcdn.net%2Flbook%2Fimage%2F5915204%3FTO_DATE(%3D20230201174644'),NULL,NULL,NULL,NULL);
INSERT INTO  BOOKINFO (BOOK_CODE,ISBN,TITLE,AUTHOR,GENRE_CODE,PUBLISHER,PRICE,PUBLISH_DATE,THUMBNAIL,CONTENT,INTRO,REVIEW,AUTHORINFO) VALUES (58,'9788992985284','종교는 왜 멸망하지 않는가','울리히 슈나벨',400,'열린과학',25000,TIMESTAMP'2013-11-20 00:00:00.0',TO_CLOB('https://search1.kakaocdn.net/thumb/R120x174.q85/?fname=http%3A%2F%2Ft1.daumcdn.net%2Flbook%2Fimage%2F1388875%3FTO_DATE(%3D20220701035420'),NULL,NULL,NULL,NULL);
INSERT INTO  BOOKINFO (BOOK_CODE,ISBN,TITLE,AUTHOR,GENRE_CODE,PUBLISHER,PRICE,PUBLISH_DATE,THUMBNAIL,CONTENT,INTRO,REVIEW,AUTHORINFO) VALUES (59,'9791133444922','일단 지구가 멸망하기 전에. 3','Nemu Yoko',400,'대원씨아이',4500,TIMESTAMP'2017-05-15 00:00:00.0',TO_CLOB('https://search1.kakaocdn.net/thumb/R120x174.q85/?fname=http%3A%2F%2Ft1.daumcdn.net%2Flbook%2Fimage%2F1547117%3FTO_DATE(%3D20220105180950'),NULL,NULL,NULL,NULL);
INSERT INTO  BOOKINFO (BOOK_CODE,ISBN,TITLE,AUTHOR,GENRE_CODE,PUBLISHER,PRICE,PUBLISH_DATE,THUMBNAIL,CONTENT,INTRO,REVIEW,AUTHORINFO) VALUES (60,'9791131576670','수레멸망악심꽃(하)','아리탕',400,'스칼렛',9000,TIMESTAMP'2017-01-25 00:00:00.0',TO_CLOB('https://search1.kakaocdn.net/thumb/R120x174.q85/?fname=http%3A%2F%2Ft1.daumcdn.net%2Flbook%2Fimage%2F1542671%3FTO_DATE(%3D20230412152558'),NULL,NULL,NULL,NULL);

------------------------------------------------
--상태(B.STATUS)

INSERT INTO BOOK_STATUS(BOOK_SEQ, STATUS_TITLE, STATUS_CODE, BOOK_CODE)  VALUES(BOOK_SEQ.NEXTVAL,'누구와 함께 일할 것인가','A',31);
INSERT INTO BOOK_STATUS(BOOK_SEQ, STATUS_TITLE, STATUS_CODE, BOOK_CODE)  VALUES(BOOK_SEQ.NEXTVAL,'누구와 함께 일할 것인가','B',31);
INSERT INTO BOOK_STATUS(BOOK_SEQ, STATUS_TITLE, STATUS_CODE, BOOK_CODE)  VALUES(BOOK_SEQ.NEXTVAL,'노력(1 2학년 자기계발동화 3)','A',32);
INSERT INTO BOOK_STATUS(BOOK_SEQ, STATUS_TITLE, STATUS_CODE, BOOK_CODE)  VALUES(BOOK_SEQ.NEXTVAL,'노력(1 2학년 자기계발동화 3)','A',32);
INSERT INTO BOOK_STATUS(BOOK_SEQ, STATUS_TITLE, STATUS_CODE, BOOK_CODE)  VALUES(BOOK_SEQ.NEXTVAL,'노력(1 2학년 자기계발동화 3)','A',32);
INSERT INTO BOOK_STATUS(BOOK_SEQ, STATUS_TITLE, STATUS_CODE, BOOK_CODE)  VALUES(BOOK_SEQ.NEXTVAL,'비단선녀와 농부(생각콩콩 자기탐색동화(노력) 6)(양장본 HardCover)','A',33);
INSERT INTO BOOK_STATUS(BOOK_SEQ, STATUS_TITLE, STATUS_CODE, BOOK_CODE)  VALUES(BOOK_SEQ.NEXTVAL,'비단선녀와 농부(생각콩콩 자기탐색동화(노력) 7)(양장본 HardCover)','A',33);
INSERT INTO BOOK_STATUS(BOOK_SEQ, STATUS_TITLE, STATUS_CODE, BOOK_CODE)  VALUES(BOOK_SEQ.NEXTVAL,'비단선녀와 농부(생각콩콩 자기탐색동화(노력) 8)(양장본 HardCover)','A',33);
INSERT INTO BOOK_STATUS(BOOK_SEQ, STATUS_TITLE, STATUS_CODE, BOOK_CODE)  VALUES(BOOK_SEQ.NEXTVAL,'영재를 만드는 기적의 뇌 공부법','A',34);
INSERT INTO BOOK_STATUS(BOOK_SEQ, STATUS_TITLE, STATUS_CODE, BOOK_CODE)  VALUES(BOOK_SEQ.NEXTVAL,'영재를 만드는 기적의 뇌 공부법','B',34);
INSERT INTO BOOK_STATUS(BOOK_SEQ, STATUS_TITLE, STATUS_CODE, BOOK_CODE)  VALUES(BOOK_SEQ.NEXTVAL,'영재를 만드는 기적의 뇌 공부법','B',34);
INSERT INTO BOOK_STATUS(BOOK_SEQ, STATUS_TITLE, STATUS_CODE, BOOK_CODE)  VALUES(BOOK_SEQ.NEXTVAL,'영재를 만드는 기적의 뇌 공부법','B',34);
INSERT INTO BOOK_STATUS(BOOK_SEQ, STATUS_TITLE, STATUS_CODE, BOOK_CODE)  VALUES(BOOK_SEQ.NEXTVAL,'노력의 배신','A',35);
INSERT INTO BOOK_STATUS(BOOK_SEQ, STATUS_TITLE, STATUS_CODE, BOOK_CODE)  VALUES(BOOK_SEQ.NEXTVAL,'노력의 배신','C',35);
INSERT INTO BOOK_STATUS(BOOK_SEQ, STATUS_TITLE, STATUS_CODE, BOOK_CODE)  VALUES(BOOK_SEQ.NEXTVAL,'노력하긴 싫은데, 성공은 하고 싶어(양장본 HardCover)','A',36);
INSERT INTO BOOK_STATUS(BOOK_SEQ, STATUS_TITLE, STATUS_CODE, BOOK_CODE)  VALUES(BOOK_SEQ.NEXTVAL,'노력하긴 싫은데, 성공은 하고 싶어(양장본 HardCover)','A',36);
INSERT INTO BOOK_STATUS(BOOK_SEQ, STATUS_TITLE, STATUS_CODE, BOOK_CODE)  VALUES(BOOK_SEQ.NEXTVAL,'노력하긴 싫은데, 성공은 하고 싶어(양장본 HardCover)','A',36);
INSERT INTO BOOK_STATUS(BOOK_SEQ, STATUS_TITLE, STATUS_CODE, BOOK_CODE)  VALUES(BOOK_SEQ.NEXTVAL,'노력하긴 싫은데, 성공은 하고 싶어(양장본 HardCover)','A',36);
INSERT INTO BOOK_STATUS(BOOK_SEQ, STATUS_TITLE, STATUS_CODE, BOOK_CODE)  VALUES(BOOK_SEQ.NEXTVAL,'노력하긴 싫은데, 성공은 하고 싶어(양장본 HardCover)','A',36);
INSERT INTO BOOK_STATUS(BOOK_SEQ, STATUS_TITLE, STATUS_CODE, BOOK_CODE)  VALUES(BOOK_SEQ.NEXTVAL,'노력하긴 싫은데, 성공은 하고 싶어(양장본 HardCover)','D',36);
INSERT INTO BOOK_STATUS(BOOK_SEQ, STATUS_TITLE, STATUS_CODE, BOOK_CODE)  VALUES(BOOK_SEQ.NEXTVAL,'나는 왜 노력해도 안 될까?','A',37);
INSERT INTO BOOK_STATUS(BOOK_SEQ, STATUS_TITLE, STATUS_CODE, BOOK_CODE)  VALUES(BOOK_SEQ.NEXTVAL,'나는 왜 노력해도 안 될까?','A',37);
INSERT INTO BOOK_STATUS(BOOK_SEQ, STATUS_TITLE, STATUS_CODE, BOOK_CODE)  VALUES(BOOK_SEQ.NEXTVAL,'나는 왜 노력해도 안 될까?','A',37);
INSERT INTO BOOK_STATUS(BOOK_SEQ, STATUS_TITLE, STATUS_CODE, BOOK_CODE)  VALUES(BOOK_SEQ.NEXTVAL,'연두팡 고사성어 워크북(노력)','A',38);
INSERT INTO BOOK_STATUS(BOOK_SEQ, STATUS_TITLE, STATUS_CODE, BOOK_CODE)  VALUES(BOOK_SEQ.NEXTVAL,'연두팡 고사성어 워크북(노력)','A',38);
INSERT INTO BOOK_STATUS(BOOK_SEQ, STATUS_TITLE, STATUS_CODE, BOOK_CODE)  VALUES(BOOK_SEQ.NEXTVAL,'노력의 배신','A',39);
INSERT INTO BOOK_STATUS(BOOK_SEQ, STATUS_TITLE, STATUS_CODE, BOOK_CODE)  VALUES(BOOK_SEQ.NEXTVAL,'노력의 배신','A',39);
INSERT INTO BOOK_STATUS(BOOK_SEQ, STATUS_TITLE, STATUS_CODE, BOOK_CODE)  VALUES(BOOK_SEQ.NEXTVAL,'노력의 배신','A',39);
INSERT INTO BOOK_STATUS(BOOK_SEQ, STATUS_TITLE, STATUS_CODE, BOOK_CODE)  VALUES(BOOK_SEQ.NEXTVAL,'노력의 배신','C',39);
INSERT INTO BOOK_STATUS(BOOK_SEQ, STATUS_TITLE, STATUS_CODE, BOOK_CODE)  VALUES(BOOK_SEQ.NEXTVAL,'생명과학을 쉽게 쓰려고 노력했습니다','A',40);
INSERT INTO BOOK_STATUS(BOOK_SEQ, STATUS_TITLE, STATUS_CODE, BOOK_CODE)  VALUES(BOOK_SEQ.NEXTVAL,'생명과학을 쉽게 쓰려고 노력했습니다','A',40);
INSERT INTO BOOK_STATUS(BOOK_SEQ, STATUS_TITLE, STATUS_CODE, BOOK_CODE)  VALUES(BOOK_SEQ.NEXTVAL,'가족상담과 가족치료(사례로 배우는)(양장본 HardCover)','A',41);
INSERT INTO BOOK_STATUS(BOOK_SEQ, STATUS_TITLE, STATUS_CODE, BOOK_CODE)  VALUES(BOOK_SEQ.NEXTVAL,'가족상담과 가족치료(사례로 배우는)(양장본 HardCover)','B',41);
INSERT INTO BOOK_STATUS(BOOK_SEQ, STATUS_TITLE, STATUS_CODE, BOOK_CODE)  VALUES(BOOK_SEQ.NEXTVAL,'가족예배는 이렇게','A',42);
INSERT INTO BOOK_STATUS(BOOK_SEQ, STATUS_TITLE, STATUS_CODE, BOOK_CODE)  VALUES(BOOK_SEQ.NEXTVAL,'스파이 패밀리 가족의 초상','A',43);
INSERT INTO BOOK_STATUS(BOOK_SEQ, STATUS_TITLE, STATUS_CODE, BOOK_CODE)  VALUES(BOOK_SEQ.NEXTVAL,'스파이 패밀리 가족의 초상','A',43);
INSERT INTO BOOK_STATUS(BOOK_SEQ, STATUS_TITLE, STATUS_CODE, BOOK_CODE)  VALUES(BOOK_SEQ.NEXTVAL,'가족(뒷모습)','A',44);
INSERT INTO BOOK_STATUS(BOOK_SEQ, STATUS_TITLE, STATUS_CODE, BOOK_CODE)  VALUES(BOOK_SEQ.NEXTVAL,'가족(뒷모습)','B',44);
INSERT INTO BOOK_STATUS(BOOK_SEQ, STATUS_TITLE, STATUS_CODE, BOOK_CODE)  VALUES(BOOK_SEQ.NEXTVAL,'가족(뒷모습)','B',44);
INSERT INTO BOOK_STATUS(BOOK_SEQ, STATUS_TITLE, STATUS_CODE, BOOK_CODE)  VALUES(BOOK_SEQ.NEXTVAL,'가족(뒷모습)','B',44);
INSERT INTO BOOK_STATUS(BOOK_SEQ, STATUS_TITLE, STATUS_CODE, BOOK_CODE)  VALUES(BOOK_SEQ.NEXTVAL,'가족각본','A',45);
INSERT INTO BOOK_STATUS(BOOK_SEQ, STATUS_TITLE, STATUS_CODE, BOOK_CODE)  VALUES(BOOK_SEQ.NEXTVAL,'가족각본','A',45);
INSERT INTO BOOK_STATUS(BOOK_SEQ, STATUS_TITLE, STATUS_CODE, BOOK_CODE)  VALUES(BOOK_SEQ.NEXTVAL,'가족(지식을만드는지식 한국희곡선집)','A',46);
INSERT INTO BOOK_STATUS(BOOK_SEQ, STATUS_TITLE, STATUS_CODE, BOOK_CODE)  VALUES(BOOK_SEQ.NEXTVAL,'가족(지식을만드는지식 한국희곡선집)','B',46);
INSERT INTO BOOK_STATUS(BOOK_SEQ, STATUS_TITLE, STATUS_CODE, BOOK_CODE)  VALUES(BOOK_SEQ.NEXTVAL,'가족(지식을만드는지식 한국희곡선집)','B',46);
INSERT INTO BOOK_STATUS(BOOK_SEQ, STATUS_TITLE, STATUS_CODE, BOOK_CODE)  VALUES(BOOK_SEQ.NEXTVAL,'가족','A',47);
INSERT INTO BOOK_STATUS(BOOK_SEQ, STATUS_TITLE, STATUS_CODE, BOOK_CODE)  VALUES(BOOK_SEQ.NEXTVAL,'가족','A',47);
INSERT INTO BOOK_STATUS(BOOK_SEQ, STATUS_TITLE, STATUS_CODE, BOOK_CODE)  VALUES(BOOK_SEQ.NEXTVAL,'우리들의 MBTI 3 : 가족 관계','A',48);
INSERT INTO BOOK_STATUS(BOOK_SEQ, STATUS_TITLE, STATUS_CODE, BOOK_CODE)  VALUES(BOOK_SEQ.NEXTVAL,'우리들의 MBTI 3 : 가족 관계','A',48);
INSERT INTO BOOK_STATUS(BOOK_SEQ, STATUS_TITLE, STATUS_CODE, BOOK_CODE)  VALUES(BOOK_SEQ.NEXTVAL,'우리들의 MBTI 3 : 가족 관계','A',48);
INSERT INTO BOOK_STATUS(BOOK_SEQ, STATUS_TITLE, STATUS_CODE, BOOK_CODE)  VALUES(BOOK_SEQ.NEXTVAL,'가족복지론(양장본 HardCover)','A',49);
INSERT INTO BOOK_STATUS(BOOK_SEQ, STATUS_TITLE, STATUS_CODE, BOOK_CODE)  VALUES(BOOK_SEQ.NEXTVAL,'가족상담(3판)(양장본 HardCover)','A',50);
INSERT INTO BOOK_STATUS(BOOK_SEQ, STATUS_TITLE, STATUS_CODE, BOOK_CODE)  VALUES(BOOK_SEQ.NEXTVAL,'가족상담(3판)(양장본 HardCover)','A',50);
INSERT INTO BOOK_STATUS(BOOK_SEQ, STATUS_TITLE, STATUS_CODE, BOOK_CODE)  VALUES(BOOK_SEQ.NEXTVAL,'멸망한 짐승들의 바다','A',51);
INSERT INTO BOOK_STATUS(BOOK_SEQ, STATUS_TITLE, STATUS_CODE, BOOK_CODE)  VALUES(BOOK_SEQ.NEXTVAL,'멸망한 짐승들의 바다','A',51);
INSERT INTO BOOK_STATUS(BOOK_SEQ, STATUS_TITLE, STATUS_CODE, BOOK_CODE)  VALUES(BOOK_SEQ.NEXTVAL,'탄수화물이 인류를 멸망시킨다','A',52);
INSERT INTO BOOK_STATUS(BOOK_SEQ, STATUS_TITLE, STATUS_CODE, BOOK_CODE)  VALUES(BOOK_SEQ.NEXTVAL,'위화도 회군과 고려의 멸망(교과융합 삼국유사 삼국사기 74)(양장본 HardCover)','A',53);
INSERT INTO BOOK_STATUS(BOOK_SEQ, STATUS_TITLE, STATUS_CODE, BOOK_CODE)  VALUES(BOOK_SEQ.NEXTVAL,'위화도 회군과 고려의 멸망(교과융합 삼국유사 삼국사기 75)(양장본 HardCover)','A',53);
INSERT INTO BOOK_STATUS(BOOK_SEQ, STATUS_TITLE, STATUS_CODE, BOOK_CODE)  VALUES(BOOK_SEQ.NEXTVAL,'위화도 회군과 고려의 멸망(교과융합 삼국유사 삼국사기 76)(양장본 HardCover)','A',53);
INSERT INTO BOOK_STATUS(BOOK_SEQ, STATUS_TITLE, STATUS_CODE, BOOK_CODE)  VALUES(BOOK_SEQ.NEXTVAL,'멸망하는 국가(양장본 HardCover)','A',54);
INSERT INTO BOOK_STATUS(BOOK_SEQ, STATUS_TITLE, STATUS_CODE, BOOK_CODE)  VALUES(BOOK_SEQ.NEXTVAL,'멸망하는 국가(양장본 HardCover)','A',54);
INSERT INTO BOOK_STATUS(BOOK_SEQ, STATUS_TITLE, STATUS_CODE, BOOK_CODE)  VALUES(BOOK_SEQ.NEXTVAL,'수레멸망악심꽃(상)','A',55);
INSERT INTO BOOK_STATUS(BOOK_SEQ, STATUS_TITLE, STATUS_CODE, BOOK_CODE)  VALUES(BOOK_SEQ.NEXTVAL,'수레멸망악심꽃(상)','A',55);
INSERT INTO BOOK_STATUS(BOOK_SEQ, STATUS_TITLE, STATUS_CODE, BOOK_CODE)  VALUES(BOOK_SEQ.NEXTVAL,'왕 게임. 4: 멸망 6.08','A',56);
INSERT INTO BOOK_STATUS(BOOK_SEQ, STATUS_TITLE, STATUS_CODE, BOOK_CODE)  VALUES(BOOK_SEQ.NEXTVAL,'왕 게임. 4: 멸망 6.08','A',56);
INSERT INTO BOOK_STATUS(BOOK_SEQ, STATUS_TITLE, STATUS_CODE, BOOK_CODE)  VALUES(BOOK_SEQ.NEXTVAL,'멸망 이전의 샹그릴라','A',57);
INSERT INTO BOOK_STATUS(BOOK_SEQ, STATUS_TITLE, STATUS_CODE, BOOK_CODE)  VALUES(BOOK_SEQ.NEXTVAL,'종교는 왜 멸망하지 않는가','A',58);
INSERT INTO BOOK_STATUS(BOOK_SEQ, STATUS_TITLE, STATUS_CODE, BOOK_CODE)  VALUES(BOOK_SEQ.NEXTVAL,'일단 지구가 멸망하기 전에. 3','A',59);
INSERT INTO BOOK_STATUS(BOOK_SEQ, STATUS_TITLE, STATUS_CODE, BOOK_CODE)  VALUES(BOOK_SEQ.NEXTVAL,'일단 지구가 멸망하기 전에. 3','B',59);
INSERT INTO BOOK_STATUS(BOOK_SEQ, STATUS_TITLE, STATUS_CODE, BOOK_CODE)  VALUES(BOOK_SEQ.NEXTVAL,'일단 지구가 멸망하기 전에. 3','B',59);
INSERT INTO BOOK_STATUS(BOOK_SEQ, STATUS_TITLE, STATUS_CODE, BOOK_CODE)  VALUES(BOOK_SEQ.NEXTVAL,'수레멸망악심꽃(하)','A',60);
INSERT INTO BOOK_STATUS(BOOK_SEQ, STATUS_TITLE, STATUS_CODE, BOOK_CODE)  VALUES(BOOK_SEQ.NEXTVAL,'수레멸망악심꽃(하)','A',60);

---------------------------------
--대출

INSERT INTO BOOK_BORROW(BORROW_SEQ, BORROW_TITLE, START_DATE, RETURN_DATE, RENEW, BORROW_STATUS, USER_ID, BOOK_SEQ)   VALUES(BORROW_SEQ.NEXTVAL,'하늘과 바람과 별과 인간','2023-08-26','2023-09-16','Y','Y',2,1);
INSERT INTO BOOK_BORROW(BORROW_SEQ, BORROW_TITLE, START_DATE, RETURN_DATE, RENEW, BORROW_STATUS, USER_ID, BOOK_SEQ)   VALUES(BORROW_SEQ.NEXTVAL,'하늘과 바람과 별과 인간','2023-09-03','2023-09-17','N','Y',3,2);
INSERT INTO BOOK_BORROW(BORROW_SEQ, BORROW_TITLE, START_DATE, RETURN_DATE, RENEW, BORROW_STATUS, USER_ID, BOOK_SEQ)   VALUES(BORROW_SEQ.NEXTVAL,'하늘과 바람과 별과 인간','2023-08-28','2023-09-18','Y','Y',4,3);
INSERT INTO BOOK_BORROW(BORROW_SEQ, BORROW_TITLE, START_DATE, RETURN_DATE, RENEW, BORROW_STATUS, USER_ID, BOOK_SEQ)   VALUES(BORROW_SEQ.NEXTVAL,'하늘과 바람과 별과 인간','2023-09-12','2023-09-26','N','Y',15,4);
INSERT INTO BOOK_BORROW(BORROW_SEQ, BORROW_TITLE, START_DATE, RETURN_DATE, RENEW, BORROW_STATUS, USER_ID, BOOK_SEQ)   VALUES(BORROW_SEQ.NEXTVAL,'하늘과 바람과 별과 시','2023-09-02','2023-09-16','N','Y',2,6);
INSERT INTO BOOK_BORROW(BORROW_SEQ, BORROW_TITLE, START_DATE, RETURN_DATE, RENEW, BORROW_STATUS, USER_ID, BOOK_SEQ)   VALUES(BORROW_SEQ.NEXTVAL,'하늘과 바람과 별과 시','2023-09-03','2023-09-17','N','Y',3,7);
INSERT INTO BOOK_BORROW(BORROW_SEQ, BORROW_TITLE, START_DATE, RETURN_DATE, RENEW, BORROW_STATUS, USER_ID, BOOK_SEQ)   VALUES(BORROW_SEQ.NEXTVAL,'하늘','2023-09-02','2023-09-23','Y','Y',2,8);
INSERT INTO BOOK_BORROW(BORROW_SEQ, BORROW_TITLE, START_DATE, RETURN_DATE, RENEW, BORROW_STATUS, USER_ID, BOOK_SEQ)   VALUES(BORROW_SEQ.NEXTVAL,'표준 어린이 찬송가(하늘)(개정판)','2023-09-09','2023-09-23','N','Y',2,9);
INSERT INTO BOOK_BORROW(BORROW_SEQ, BORROW_TITLE, START_DATE, RETURN_DATE, RENEW, BORROW_STATUS, USER_ID, BOOK_SEQ)   VALUES(BORROW_SEQ.NEXTVAL,'아기 동요 세상(튤립 사운드북)(하늘)','2023-09-10','2023-09-24','N','Y',3,10);
INSERT INTO BOOK_BORROW(BORROW_SEQ, BORROW_TITLE, START_DATE, RETURN_DATE, RENEW, BORROW_STATUS, USER_ID, BOOK_SEQ)   VALUES(BORROW_SEQ.NEXTVAL,'하늘 (컬러판)','2023-09-10','2023-09-24','N','Y',3,13);
INSERT INTO BOOK_BORROW(BORROW_SEQ, BORROW_TITLE, START_DATE, RETURN_DATE, RENEW, BORROW_STATUS, USER_ID, BOOK_SEQ)   VALUES(BORROW_SEQ.NEXTVAL,'하늘','2023-09-04','2023-09-18','N','Y',4,17);
INSERT INTO BOOK_BORROW(BORROW_SEQ, BORROW_TITLE, START_DATE, RETURN_DATE, RENEW, BORROW_STATUS, USER_ID, BOOK_SEQ)   VALUES(BORROW_SEQ.NEXTVAL,'예수님이 사랑하시는 우리반 출석부(하늘)','2023-09-04','2023-09-25','Y','Y',4,18);
INSERT INTO BOOK_BORROW(BORROW_SEQ, BORROW_TITLE, START_DATE, RETURN_DATE, RENEW, BORROW_STATUS, USER_ID, BOOK_SEQ)   VALUES(BORROW_SEQ.NEXTVAL,'하늘(그림 보는 아이 12)(그림 보는 아이 12)','2023-09-04','2023-09-18','N','Y',4,19);
INSERT INTO BOOK_BORROW(BORROW_SEQ, BORROW_TITLE, START_DATE, RETURN_DATE, RENEW, BORROW_STATUS, USER_ID, BOOK_SEQ)   VALUES(BORROW_SEQ.NEXTVAL,'하늘(그림 보는 아이 12)(그림 보는 아이 12)','2023-09-05','2023-09-26','Y','Y',5,20);
INSERT INTO BOOK_BORROW(BORROW_SEQ, BORROW_TITLE, START_DATE, RETURN_DATE, RENEW, BORROW_STATUS, USER_ID, BOOK_SEQ)   VALUES(BORROW_SEQ.NEXTVAL,'학생회에도 구멍은 있다! 2','2023-09-05','2023-09-26','Y','Y',5,21);
INSERT INTO BOOK_BORROW(BORROW_SEQ, BORROW_TITLE, START_DATE, RETURN_DATE, RENEW, BORROW_STATUS, USER_ID, BOOK_SEQ)   VALUES(BORROW_SEQ.NEXTVAL,'학생회에도 구멍은 있다! 2','2023-09-06','2023-09-20','N','Y',6,22);
INSERT INTO BOOK_BORROW(BORROW_SEQ, BORROW_TITLE, START_DATE, RETURN_DATE, RENEW, BORROW_STATUS, USER_ID, BOOK_SEQ)   VALUES(BORROW_SEQ.NEXTVAL,'구멍(Holes)','2023-08-29','2023-09-19','Y','Y',5,23);
INSERT INTO BOOK_BORROW(BORROW_SEQ, BORROW_TITLE, START_DATE, RETURN_DATE, RENEW, BORROW_STATUS, USER_ID, BOOK_SEQ)   VALUES(BORROW_SEQ.NEXTVAL,'학생회에도 구멍은 있다! 1','2023-09-06','2023-09-20','N','Y',6,24);
INSERT INTO BOOK_BORROW(BORROW_SEQ, BORROW_TITLE, START_DATE, RETURN_DATE, RENEW, BORROW_STATUS, USER_ID, BOOK_SEQ)   VALUES(BORROW_SEQ.NEXTVAL,'학생회에도 구멍은 있다! 1','2023-09-07','2023-09-21','N','Y',7,25);
INSERT INTO BOOK_BORROW(BORROW_SEQ, BORROW_TITLE, START_DATE, RETURN_DATE, RENEW, BORROW_STATUS, USER_ID, BOOK_SEQ)   VALUES(BORROW_SEQ.NEXTVAL,'구멍','2023-09-06','2023-09-20','N','Y',6,26);
INSERT INTO BOOK_BORROW(BORROW_SEQ, BORROW_TITLE, START_DATE, RETURN_DATE, RENEW, BORROW_STATUS, USER_ID, BOOK_SEQ)   VALUES(BORROW_SEQ.NEXTVAL,'구멍여행','2023-09-06','2023-09-20','N','Y',6,30);
INSERT INTO BOOK_BORROW(BORROW_SEQ, BORROW_TITLE, START_DATE, RETURN_DATE, RENEW, BORROW_STATUS, USER_ID, BOOK_SEQ)   VALUES(BORROW_SEQ.NEXTVAL,'구멍여행','2023-09-07','2023-09-15','N','N',7,31);
INSERT INTO BOOK_BORROW(BORROW_SEQ, BORROW_TITLE, START_DATE, RETURN_DATE, RENEW, BORROW_STATUS, USER_ID, BOOK_SEQ)   VALUES(BORROW_SEQ.NEXTVAL,'구멍','2023-08-29','2023-09-19','Y','Y',5,32);
INSERT INTO BOOK_BORROW(BORROW_SEQ, BORROW_TITLE, START_DATE, RETURN_DATE, RENEW, BORROW_STATUS, USER_ID, BOOK_SEQ)   VALUES(BORROW_SEQ.NEXTVAL,'구멍(걷는사람 세계문학선 1)','2023-09-07','2023-09-21','N','Y',7,33);
INSERT INTO BOOK_BORROW(BORROW_SEQ, BORROW_TITLE, START_DATE, RETURN_DATE, RENEW, BORROW_STATUS, USER_ID, BOOK_SEQ)   VALUES(BORROW_SEQ.NEXTVAL,'구멍(걷는사람 세계문학선 1)','2023-09-08','2023-09-22','N','Y',8,34);
INSERT INTO BOOK_BORROW(BORROW_SEQ, BORROW_TITLE, START_DATE, RETURN_DATE, RENEW, BORROW_STATUS, USER_ID, BOOK_SEQ)   VALUES(BORROW_SEQ.NEXTVAL,'몸에 구멍이 있어요','2023-09-08','2023-09-22','N','Y',8,35);
INSERT INTO BOOK_BORROW(BORROW_SEQ, BORROW_TITLE, START_DATE, RETURN_DATE, RENEW, BORROW_STATUS, USER_ID, BOOK_SEQ)   VALUES(BORROW_SEQ.NEXTVAL,'구멍','2023-09-09','2023-09-23','N','Y',9,37);
INSERT INTO BOOK_BORROW(BORROW_SEQ, BORROW_TITLE, START_DATE, RETURN_DATE, RENEW, BORROW_STATUS, USER_ID, BOOK_SEQ)   VALUES(BORROW_SEQ.NEXTVAL,'희망의 끈','2023-09-01','2023-09-15','N','Y',8,39);
INSERT INTO BOOK_BORROW(BORROW_SEQ, BORROW_TITLE, START_DATE, RETURN_DATE, RENEW, BORROW_STATUS, USER_ID, BOOK_SEQ)   VALUES(BORROW_SEQ.NEXTVAL,'희망의 끈','2023-09-02','2023-09-16','N','Y',9,40);
INSERT INTO BOOK_BORROW(BORROW_SEQ, BORROW_TITLE, START_DATE, RETURN_DATE, RENEW, BORROW_STATUS, USER_ID, BOOK_SEQ)   VALUES(BORROW_SEQ.NEXTVAL,'희망의 끈','2023-09-03','2023-09-17','N','Y',10,41);
INSERT INTO BOOK_BORROW(BORROW_SEQ, BORROW_TITLE, START_DATE, RETURN_DATE, RENEW, BORROW_STATUS, USER_ID, BOOK_SEQ)   VALUES(BORROW_SEQ.NEXTVAL,'빅터 프랭클의 죽음의 수용소에서','2023-09-08','2023-09-22','N','Y',8,42);
INSERT INTO BOOK_BORROW(BORROW_SEQ, BORROW_TITLE, START_DATE, RETURN_DATE, RENEW, BORROW_STATUS, USER_ID, BOOK_SEQ)   VALUES(BORROW_SEQ.NEXTVAL,'빅터 프랭클의 죽음의 수용소에서','2023-09-09','2023-09-23','N','Y',9,43);
INSERT INTO BOOK_BORROW(BORROW_SEQ, BORROW_TITLE, START_DATE, RETURN_DATE, RENEW, BORROW_STATUS, USER_ID, BOOK_SEQ)   VALUES(BORROW_SEQ.NEXTVAL,'빅터 프랭클의 죽음의 수용소에서','2023-09-10','2023-09-24','N','Y',10,44);
INSERT INTO BOOK_BORROW(BORROW_SEQ, BORROW_TITLE, START_DATE, RETURN_DATE, RENEW, BORROW_STATUS, USER_ID, BOOK_SEQ)   VALUES(BORROW_SEQ.NEXTVAL,'빅터 프랭클의 죽음의 수용소에서','2023-08-30','2023-09-01','N','N',3,45);
INSERT INTO BOOK_BORROW(BORROW_SEQ, BORROW_TITLE, START_DATE, RETURN_DATE, RENEW, BORROW_STATUS, USER_ID, BOOK_SEQ)   VALUES(BORROW_SEQ.NEXTVAL,'마플시너지 고등 수학1 내신대비 문제집(2023)','2023-09-10','2023-09-24','N','Y',10,48);
INSERT INTO BOOK_BORROW(BORROW_SEQ, BORROW_TITLE, START_DATE, RETURN_DATE, RENEW, BORROW_STATUS, USER_ID, BOOK_SEQ)   VALUES(BORROW_SEQ.NEXTVAL,'마플시너지 고등 수학2 내신대비 문제집(2023)','2023-09-10','2023-09-24','N','Y',10,49);
INSERT INTO BOOK_BORROW(BORROW_SEQ, BORROW_TITLE, START_DATE, RETURN_DATE, RENEW, BORROW_STATUS, USER_ID, BOOK_SEQ)   VALUES(BORROW_SEQ.NEXTVAL,'죽음의 수용소에서','2023-09-11','2023-09-25','N','Y',11,50);
INSERT INTO BOOK_BORROW(BORROW_SEQ, BORROW_TITLE, START_DATE, RETURN_DATE, RENEW, BORROW_STATUS, USER_ID, BOOK_SEQ)   VALUES(BORROW_SEQ.NEXTVAL,'죽음의 수용소에서','2023-09-12','2023-09-26','N','Y',12,51);
INSERT INTO BOOK_BORROW(BORROW_SEQ, BORROW_TITLE, START_DATE, RETURN_DATE, RENEW, BORROW_STATUS, USER_ID, BOOK_SEQ)   VALUES(BORROW_SEQ.NEXTVAL,'희망(지혜의 달인 탈무드)','2023-09-11','2023-09-25','N','Y',11,52);
INSERT INTO BOOK_BORROW(BORROW_SEQ, BORROW_TITLE, START_DATE, RETURN_DATE, RENEW, BORROW_STATUS, USER_ID, BOOK_SEQ)   VALUES(BORROW_SEQ.NEXTVAL,'누구와 함께 일할 것인가','2023-09-12','2023-09-26','N','Y',12,59);
INSERT INTO BOOK_BORROW(BORROW_SEQ, BORROW_TITLE, START_DATE, RETURN_DATE, RENEW, BORROW_STATUS, USER_ID, BOOK_SEQ)   VALUES(BORROW_SEQ.NEXTVAL,'누구와 함께 일할 것인가','2023-09-13','2023-09-27','N','Y',13,60);
INSERT INTO BOOK_BORROW(BORROW_SEQ, BORROW_TITLE, START_DATE, RETURN_DATE, RENEW, BORROW_STATUS, USER_ID, BOOK_SEQ)   VALUES(BORROW_SEQ.NEXTVAL,'비단선녀와 농부(생각콩콩 자기탐색동화(노력) 6)(양장본 HardCover)','2023-09-13','2023-09-27','N','Y',13,66);
INSERT INTO BOOK_BORROW(BORROW_SEQ, BORROW_TITLE, START_DATE, RETURN_DATE, RENEW, BORROW_STATUS, USER_ID, BOOK_SEQ)   VALUES(BORROW_SEQ.NEXTVAL,'노력하긴 싫은데, 성공은 하고 싶어(양장본 HardCover)','2023-08-31','2023-09-14','N','N',15,75);
INSERT INTO BOOK_BORROW(BORROW_SEQ, BORROW_TITLE, START_DATE, RETURN_DATE, RENEW, BORROW_STATUS, USER_ID, BOOK_SEQ)   VALUES(BORROW_SEQ.NEXTVAL,'나는 왜 노력해도 안 될까?','2023-09-11','2023-09-25','N','Y',11,79);
INSERT INTO BOOK_BORROW(BORROW_SEQ, BORROW_TITLE, START_DATE, RETURN_DATE, RENEW, BORROW_STATUS, USER_ID, BOOK_SEQ)   VALUES(BORROW_SEQ.NEXTVAL,'나는 왜 노력해도 안 될까?','2023-09-12','2023-09-26','N','Y',12,80);
INSERT INTO BOOK_BORROW(BORROW_SEQ, BORROW_TITLE, START_DATE, RETURN_DATE, RENEW, BORROW_STATUS, USER_ID, BOOK_SEQ)   VALUES(BORROW_SEQ.NEXTVAL,'나는 왜 노력해도 안 될까?','2023-09-13','2023-09-27','N','Y',13,81);
INSERT INTO BOOK_BORROW(BORROW_SEQ, BORROW_TITLE, START_DATE, RETURN_DATE, RENEW, BORROW_STATUS, USER_ID, BOOK_SEQ)   VALUES(BORROW_SEQ.NEXTVAL,'노력의 배신','2023-08-01','2023-08-07','N','N',2,85);
INSERT INTO BOOK_BORROW(BORROW_SEQ, BORROW_TITLE, START_DATE, RETURN_DATE, RENEW, BORROW_STATUS, USER_ID, BOOK_SEQ)   VALUES(BORROW_SEQ.NEXTVAL,'생명과학을 쉽게 쓰려고 노력했습니다','2023-09-07','2023-09-28','Y','Y',14,88);
INSERT INTO BOOK_BORROW(BORROW_SEQ, BORROW_TITLE, START_DATE, RETURN_DATE, RENEW, BORROW_STATUS, USER_ID, BOOK_SEQ)   VALUES(BORROW_SEQ.NEXTVAL,'가족상담과 가족치료(사례로 배우는)(양장본 HardCover)','2023-08-26','2023-09-04','N','N',5,90);
INSERT INTO BOOK_BORROW(BORROW_SEQ, BORROW_TITLE, START_DATE, RETURN_DATE, RENEW, BORROW_STATUS, USER_ID, BOOK_SEQ)   VALUES(BORROW_SEQ.NEXTVAL,'스파이 패밀리 가족의 초상','2023-07-03','2023-07-12','N','N',4,94);
INSERT INTO BOOK_BORROW(BORROW_SEQ, BORROW_TITLE, START_DATE, RETURN_DATE, RENEW, BORROW_STATUS, USER_ID, BOOK_SEQ)   VALUES(BORROW_SEQ.NEXTVAL,'가족각본','2023-09-14','2023-09-28','N','Y',14,99);
INSERT INTO BOOK_BORROW(BORROW_SEQ, BORROW_TITLE, START_DATE, RETURN_DATE, RENEW, BORROW_STATUS, USER_ID, BOOK_SEQ)   VALUES(BORROW_SEQ.NEXTVAL,'가족(지식을만드는지식 한국희곡선집)','2023-08-04','2023-08-08','N','N',6,101);
INSERT INTO BOOK_BORROW(BORROW_SEQ, BORROW_TITLE, START_DATE, RETURN_DATE, RENEW, BORROW_STATUS, USER_ID, BOOK_SEQ)   VALUES(BORROW_SEQ.NEXTVAL,'가족','2023-08-07','2023-08-12','N','N',8,104);
INSERT INTO BOOK_BORROW(BORROW_SEQ, BORROW_TITLE, START_DATE, RETURN_DATE, RENEW, BORROW_STATUS, USER_ID, BOOK_SEQ)   VALUES(BORROW_SEQ.NEXTVAL,'우리들의 MBTI 3 : 가족 관계','2023-09-01','2023-09-15','N','Y',15,106);
INSERT INTO BOOK_BORROW(BORROW_SEQ, BORROW_TITLE, START_DATE, RETURN_DATE, RENEW, BORROW_STATUS, USER_ID, BOOK_SEQ)   VALUES(BORROW_SEQ.NEXTVAL,'가족복지론(양장본 HardCover)','2023-09-14','2023-09-28','N','Y',14,109);
INSERT INTO BOOK_BORROW(BORROW_SEQ, BORROW_TITLE, START_DATE, RETURN_DATE, RENEW, BORROW_STATUS, USER_ID, BOOK_SEQ)   VALUES(BORROW_SEQ.NEXTVAL,'멸망한 짐승들의 바다','2023-08-02','2023-08-11','N','N',10,112);
INSERT INTO BOOK_BORROW(BORROW_SEQ, BORROW_TITLE, START_DATE, RETURN_DATE, RENEW, BORROW_STATUS, USER_ID, BOOK_SEQ)   VALUES(BORROW_SEQ.NEXTVAL,'위화도 회군과 고려의 멸망(교과융합 삼국유사 삼국사기 74)(양장본 HardCover)','2023-09-04','2023-09-18','N','Y',11,115);
INSERT INTO BOOK_BORROW(BORROW_SEQ, BORROW_TITLE, START_DATE, RETURN_DATE, RENEW, BORROW_STATUS, USER_ID, BOOK_SEQ)   VALUES(BORROW_SEQ.NEXTVAL,'위화도 회군과 고려의 멸망(교과융합 삼국유사 삼국사기 74)(양장본 HardCover)','2023-09-05','2023-09-19','N','Y',12,116);
INSERT INTO BOOK_BORROW(BORROW_SEQ, BORROW_TITLE, START_DATE, RETURN_DATE, RENEW, BORROW_STATUS, USER_ID, BOOK_SEQ)   VALUES(BORROW_SEQ.NEXTVAL,'위화도 회군과 고려의 멸망(교과융합 삼국유사 삼국사기 74)(양장본 HardCover)','2023-09-03','2023-09-17','N','Y',13,117);
INSERT INTO BOOK_BORROW(BORROW_SEQ, BORROW_TITLE, START_DATE, RETURN_DATE, RENEW, BORROW_STATUS, USER_ID, BOOK_SEQ)   VALUES(BORROW_SEQ.NEXTVAL,'멸망하는 국가(양장본 HardCover)','2023-07-11','2023-07-14','N','N',5,118);
INSERT INTO BOOK_BORROW(BORROW_SEQ, BORROW_TITLE, START_DATE, RETURN_DATE, RENEW, BORROW_STATUS, USER_ID, BOOK_SEQ)   VALUES(BORROW_SEQ.NEXTVAL,'수레멸망악심꽃(상)','2023-07-09','2023-07-11','N','N',2,121);
INSERT INTO BOOK_BORROW(BORROW_SEQ, BORROW_TITLE, START_DATE, RETURN_DATE, RENEW, BORROW_STATUS, USER_ID, BOOK_SEQ)   VALUES(BORROW_SEQ.NEXTVAL,'왕 게임. 4: 멸망 6.08','2023-08-01','2023-08-05','N','N',2,122);




